<?xml version="1.0"?>
<!--Forest Sector Carbon Calculator-->
<!--http://landcarb.forestry.oregonstate.edu-->
<RunParameters>
  <RunDateTime>12/5/2012 5:02:11 PM</RunDateTime>
  <RunScale>landscape</RunScale>
  <SiteRegion>EastCascades</SiteRegion>
  <SiteOwner>federal</SiteOwner>
  <SiteElevationClass>mid</SiteElevationClass>
  <RunCurrentYear>2012</RunCurrentYear>
  <RunSimYears>400</RunSimYears>
  <RunRandomSeed>No</RunRandomSeed>
  <RunName>Run2</RunName>
  <RunCellAreaHa>1</RunCellAreaHa>
  <RunCellNum>260</RunCellNum>
  <UseMfgExBioFuel>2</UseMfgExBioFuel>
  <UseMfgStrWood>93</UseMfgStrWood>
  <UseMfgPulp>5</UseMfgPulp>
  <UseRecycleLT>10</UseRecycleLT>
  <UseRecycleST>10</UseRecycleST>
  <UseRecyclePaper>30</UseRecyclePaper>
  <UseProductLTStr>75</UseProductLTStr>
  <UseDisposalDump>1</UseDisposalDump>
  <UseDisposalLandfill>84</UseDisposalLandfill>
  <UseDisposalIncinVol>10</UseDisposalIncinVol>
  <UseDisposalIncinBioenergy>5</UseDisposalIncinBioenergy>
  <SubstitutionProductDefault>Yes</SubstitutionProductDefault>
  <SubstitutionBioenergyDefault>Yes</SubstitutionBioenergyDefault>
  <SubstitutionDisplacement>No</SubstitutionDisplacement>
  <SubstitutionBuildings>Yes</SubstitutionBuildings>
  <SubstitutionBioenergyFactor>60</SubstitutionBioenergyFactor>
  <SubstitutionLeakage>Yes</SubstitutionLeakage>
  <ManagementRegime>
    <TreatmentClass>PrimaryRegime</TreatmentClass>
    <Type>CCut_SO</Type>
    <StartYear>1950</StartYear>
    <EndYear>1959</EndYear>
    <Interval-Offset>90</Interval-Offset>
    <Disturbed-Size>100</Disturbed-Size>
    <Util-Severity-Supp>Low</Util-Severity-Supp>
  </ManagementRegime>
  <ManagementRegime>
    <TreatmentClass>PrimaryRegime</TreatmentClass>
    <Type>CCut_SO</Type>
    <StartYear>1960</StartYear>
    <EndYear>1969</EndYear>
    <Interval-Offset>70</Interval-Offset>
    <Disturbed-Size>100</Disturbed-Size>
    <Util-Severity-Supp>Medium</Util-Severity-Supp>
  </ManagementRegime>
  <ManagementRegime>
    <TreatmentClass>PrimaryRegime</TreatmentClass>
    <Type>CCut_SO</Type>
    <StartYear>1970</StartYear>
    <EndYear>1989</EndYear>
    <Interval-Offset>70</Interval-Offset>
    <Disturbed-Size>75</Disturbed-Size>
    <Util-Severity-Supp>High</Util-Severity-Supp>
  </ManagementRegime>
  <ManagementRegime>
    <TreatmentClass>PrimaryRegime</TreatmentClass>
    <Type>CCut_SO</Type>
    <StartYear>1990</StartYear>
    <EndYear>2011</EndYear>
    <Interval-Offset>70</Interval-Offset>
    <Disturbed-Size>35</Disturbed-Size>
    <Util-Severity-Supp>Low</Util-Severity-Supp>
  </ManagementRegime>
  <ManagementRegime>
    <TreatmentClass>SecondaryRegime</TreatmentClass>
    <Type>Prescribed</Type>
    <StartYear>1990</StartYear>
    <EndYear>2011</EndYear>
    <Interval-Offset>0</Interval-Offset>
    <Disturbed-Size>100</Disturbed-Size>
    <Util-Severity-Supp>Medium</Util-Severity-Supp>
  </ManagementRegime>
  <ManagementRegime>
    <TreatmentClass>PrimaryRegime</TreatmentClass>
    <Type>CCut_SO</Type>
    <StartYear>2012</StartYear>
    <EndYear>2412</EndYear>
    <Interval-Offset>70</Interval-Offset>
    <Disturbed-Size>35</Disturbed-Size>
    <Util-Severity-Supp>Low</Util-Severity-Supp>
  </ManagementRegime>
  <ManagementRegime>
    <TreatmentClass>SecondaryRegime</TreatmentClass>
    <Type>Prescribed</Type>
    <StartYear>2012</StartYear>
    <EndYear>2412</EndYear>
    <Interval-Offset>0</Interval-Offset>
    <Disturbed-Size>100</Disturbed-Size>
    <Util-Severity-Supp>Medium</Util-Severity-Supp>
  </ManagementRegime>
  <NaturalDisturbanceRegime>
    <TreatmentClass>PrimaryRegime</TreatmentClass>
    <Type>WildfireDefault</Type>
    <StartYear>1412</StartYear>
    <EndYear>1939</EndYear>
    <Interval-Offset>null</Interval-Offset>
    <Disturbed-Size>null</Disturbed-Size>
    <Util-Severity-Supp>noSupp</Util-Severity-Supp>
  </NaturalDisturbanceRegime>
  <NaturalDisturbanceRegime>
    <TreatmentClass>PrimaryRegime</TreatmentClass>
    <Type>WildfireDefault</Type>
    <StartYear>1940</StartYear>
    <EndYear>2011</EndYear>
    <Interval-Offset>null</Interval-Offset>
    <Disturbed-Size>null</Disturbed-Size>
    <Util-Severity-Supp>typical</Util-Severity-Supp>
  </NaturalDisturbanceRegime>
  <NaturalDisturbanceRegime>
    <TreatmentClass>PrimaryRegime</TreatmentClass>
    <Type>WildfireDefault</Type>
    <StartYear>2012</StartYear>
    <EndYear>2412</EndYear>
    <Interval-Offset>null</Interval-Offset>
    <Disturbed-Size>null</Disturbed-Size>
    <Util-Severity-Supp>typical</Util-Severity-Supp>
  </NaturalDisturbanceRegime>
</RunParameters>