<?xml version="1.0"?>
<!--Forest Sector Carbon Calculator-->
<!--http://landcarb.forestry.oregonstate.edu-->
<RunParameters>
  <RunDateTime>6/15/2011 2:31:38 PM</RunDateTime>
  <RunScale>landscape</RunScale>
  <SiteRegion>Western Cascades</SiteRegion>
  <SiteOwner>USFS</SiteOwner>
  <SiteElevationClass>Low</SiteElevationClass>
  <SiteSiteIndex>Site Class 1</SiteSiteIndex>
  <RunCurrentYear>2010</RunCurrentYear>
  <RunSimYears>400</RunSimYears>
  <RunRandomSeed>No</RunRandomSeed>
  <RunName>run_3</RunName>
  <RunCellAreaHa>1</RunCellAreaHa>
  <RunCellNum>260</RunCellNum>
  <UseMfgExBioFuel>2</UseMfgExBioFuel>
  <UseMfgStrWood>93</UseMfgStrWood>
  <UseMfgPulp>5</UseMfgPulp>
  <UseRecycleLT>10</UseRecycleLT>
  <UseRecycleST>10</UseRecycleST>
  <UseRecyclePaper>30</UseRecyclePaper>
  <UseProductLTStr>75</UseProductLTStr>
  <UseDisposalDump>1</UseDisposalDump>
  <UseDisposalLandfill>84</UseDisposalLandfill>
  <UseDisposalIncinVol>10</UseDisposalIncinVol>
  <UseDisposalIncinBioenergy>5</UseDisposalIncinBioenergy>
  <LandscapeHistoryRegime>
    <RegimeHarvest>
      <RegimeStartYear>1950</RegimeStartYear>
      <RegimeEndYear>1955</RegimeEndYear>
      <RegimeInterval>120</RegimeInterval>
      <RegimePctDisturbed>100</RegimePctDisturbed>
      <RegimeUtilization>Medium</RegimeUtilization>
      <RegimeSeverity>High</RegimeSeverity>
    </RegimeHarvest>
    <RegimeHarvest>
      <RegimeStartYear>1956</RegimeStartYear>
      <RegimeEndYear>1960</RegimeEndYear>
      <RegimeInterval>100</RegimeInterval>
      <RegimePctDisturbed>100</RegimePctDisturbed>
      <RegimeUtilization>Medium</RegimeUtilization>
      <RegimeSeverity>High</RegimeSeverity>
    </RegimeHarvest>
    <RegimeHarvest>
      <RegimeStartYear>1961</RegimeStartYear>
      <RegimeEndYear>1965</RegimeEndYear>
      <RegimeInterval>90</RegimeInterval>
      <RegimePctDisturbed>100</RegimePctDisturbed>
      <RegimeUtilization>Medium</RegimeUtilization>
      <RegimeSeverity>High</RegimeSeverity>
    </RegimeHarvest>
    <RegimeHarvest>
      <RegimeStartYear>1966</RegimeStartYear>
      <RegimeEndYear>1990</RegimeEndYear>
      <RegimeInterval>80</RegimeInterval>
      <RegimePctDisturbed>100</RegimePctDisturbed>
      <RegimeUtilization>Medium</RegimeUtilization>
      <RegimeSeverity>High</RegimeSeverity>
    </RegimeHarvest>
    <RegimeHarvest>
      <RegimeStartYear>1991</RegimeStartYear>
      <RegimeEndYear>2009</RegimeEndYear>
      <RegimeInterval>200</RegimeInterval>
      <RegimePctDisturbed>35</RegimePctDisturbed>
      <RegimeUtilization>Medium</RegimeUtilization>
      <RegimeSeverity>None</RegimeSeverity>
    </RegimeHarvest>
    <RegimeWildfire>
      <RegimeStartYear>1410</RegimeStartYear>
      <RegimeEndYear>1940</RegimeEndYear>
      <RegimeInterval>150</RegimeInterval>
      <RegimePctDisturbed>95</RegimePctDisturbed>
      <RegimeUtilization>None</RegimeUtilization>
      <RegimeSeverity>noSupp</RegimeSeverity>
    </RegimeWildfire>
    <RegimeWildfire>
      <RegimeStartYear>1941</RegimeStartYear>
      <RegimeEndYear>2009</RegimeEndYear>
      <RegimeInterval>350</RegimeInterval>
      <RegimePctDisturbed>95</RegimePctDisturbed>
      <RegimeUtilization>None</RegimeUtilization>
      <RegimeSeverity>typical</RegimeSeverity>
    </RegimeWildfire>
  </LandscapeHistoryRegime>
  <LandscapeFutureRegime>
    <RegimeHarvest>
      <RegimeStartYear>2010</RegimeStartYear>
      <RegimeEndYear>2410</RegimeEndYear>
      <RegimeInterval>75</RegimeInterval>
      <RegimePctDisturbed>100</RegimePctDisturbed>
      <RegimeUtilization>Medium</RegimeUtilization>
      <RegimeSeverity>None</RegimeSeverity>
    </RegimeHarvest>
    <RegimeWildfire>
      <RegimeStartYear>2010</RegimeStartYear>
      <RegimeEndYear>2410</RegimeEndYear>
      <RegimeInterval>350</RegimeInterval>
      <RegimePctDisturbed>95</RegimePctDisturbed>
      <RegimeUtilization>None</RegimeUtilization>
      <RegimeSeverity>typical</RegimeSeverity>
    </RegimeWildfire>
  </LandscapeFutureRegime>
</RunParameters>