<?xml version="1.0"?>
<!--Forest Sector Carbon Calculator-->
<!--http://landcarb.forestry.oregonstate.edu-->
<RunParameters>
  <RunDateTime>12/5/2012 4:21:46 PM</RunDateTime>
  <RunScale>landscape</RunScale>
  <SiteRegion>EastCascades</SiteRegion>
  <SiteOwner>federal</SiteOwner>
  <SiteElevationClass>mid</SiteElevationClass>
  <RunCurrentYear>2012</RunCurrentYear>
  <RunSimYears>400</RunSimYears>
  <RunRandomSeed>No</RunRandomSeed>
  <RunName>Run1</RunName>
  <RunCellAreaHa>1</RunCellAreaHa>
  <RunCellNum>260</RunCellNum>
  <UseMfgExBioFuel>2</UseMfgExBioFuel>
  <UseMfgStrWood>93</UseMfgStrWood>
  <UseMfgPulp>5</UseMfgPulp>
  <UseRecycleLT>10</UseRecycleLT>
  <UseRecycleST>10</UseRecycleST>
  <UseRecyclePaper>30</UseRecyclePaper>
  <UseProductLTStr>75</UseProductLTStr>
  <UseDisposalDump>1</UseDisposalDump>
  <UseDisposalLandfill>84</UseDisposalLandfill>
  <UseDisposalIncinVol>10</UseDisposalIncinVol>
  <UseDisposalIncinBioenergy>5</UseDisposalIncinBioenergy>
  <SubstitutionProductDefault>Yes</SubstitutionProductDefault>
  <SubstitutionBioenergyDefault>Yes</SubstitutionBioenergyDefault>
  <SubstitutionDisplacement>No</SubstitutionDisplacement>
  <SubstitutionBuildings>Yes</SubstitutionBuildings>
  <SubstitutionBioenergyFactor>60</SubstitutionBioenergyFactor>
  <SubstitutionLeakage>Yes</SubstitutionLeakage>
  <NaturalDisturbanceRegime>
    <TreatmentClass>PrimaryRegime</TreatmentClass>
    <Type>WildfireDefault</Type>
    <StartYear>1412</StartYear>
    <EndYear>2011</EndYear>
    <Interval-Offset>null</Interval-Offset>
    <Disturbed-Size>null</Disturbed-Size>
    <Util-Severity-Supp>total</Util-Severity-Supp>
  </NaturalDisturbanceRegime>
  <NaturalDisturbanceRegime>
    <TreatmentClass>PrimaryRegime</TreatmentClass>
    <Type>WildfireDefault</Type>
    <StartYear>2012</StartYear>
    <EndYear>2412</EndYear>
    <Interval-Offset>null</Interval-Offset>
    <Disturbed-Size>null</Disturbed-Size>
    <Util-Severity-Supp>total</Util-Severity-Supp>
  </NaturalDisturbanceRegime>
</RunParameters>