REGION,OWNERSHIP,ELEVATION,FCID,LABEL,FREQ

# REGION: WestCascades,OWNERSHIP: State,ELEVATION: Low,,,
1,1,1,1,HIGH 76-100%,0.905194278
1,1,1,2,MODERATE 26-75%,0.070323517
1,1,1,3,LOW 0-25%,0.024482205

# REGION: WestCascades,OWNERSHIP: State,ELEVATION: Medium,,,
1,1,2,1,HIGH 76-100%,0.904743188
1,1,2,2,MODERATE 26-75%,0.070315544
1,1,2,3,LOW 0-25%,0.024941269

# REGION: WestCascades,OWNERSHIP: State,ELEVATION: High,,,
1,1,3,1,HIGH 76-100%,0.541808716
1,1,3,2,MODERATE 26-75%,0.431731309
1,1,3,3,LOW 0-25%,0.026459975

# REGION: WestCascades,OWNERSHIP: Federal,ELEVATION: Low,,,
1,2,1,1,HIGH 76-100%,0.7519359
1,2,1,2,MODERATE 26-75%,0.204988299
1,2,1,3,LOW 0-25%,0.043075801

# REGION: WestCascades,OWNERSHIP: Federal,ELEVATION: Medium,,,
1,2,2,1,HIGH 76-100%,0.510114466
1,2,2,2,MODERATE 26-75%,0.399633637
1,2,2,3,LOW 0-25%,0.090251896

# REGION: WestCascades,OWNERSHIP: Federal,ELEVATION: High,,,
1,2,3,1,HIGH 76-100%,0.434268452
1,2,3,2,MODERATE 26-75%,0.349530042
1,2,3,3,LOW 0-25%,0.216201507

# REGION: WestCascades,OWNERSHIP: PrivateIndustrial,ELEVATION: Low,,,
1,3,1,1,HIGH 76-100%,0.825951406
1,3,1,2,MODERATE 26-75%,0.134279133
1,3,1,3,LOW 0-25%,0.039769461

# REGION: WestCascades,OWNERSHIP: PrivateIndustrial,ELEVATION: Medium,,,
1,3,2,1,HIGH 76-100%,0.680375143
1,3,2,2,MODERATE 26-75%,0.185453517
1,3,2,3,LOW 0-25%,0.13417134

# REGION: WestCascades,OWNERSHIP: PrivateIndustrial,ELEVATION: High,,,
1,3,3,1,HIGH 76-100%,0.296146377
1,3,3,2,MODERATE 26-75%,0.257170887
1,3,3,3,LOW 0-25%,0.446682736

# REGION: WestCascades,OWNERSHIP: PrivateNonIndustrial,ELEVATION: Low,,,
1,4,1,1,HIGH 76-100%,0.789335663
1,4,1,2,MODERATE 26-75%,0.153816466
1,4,1,3,LOW 0-25%,0.056847871

# REGION: WestCascades,OWNERSHIP: PrivateNonIndustrial,ELEVATION: Medium,,,
1,4,2,1,HIGH 76-100%,0.471547647
1,4,2,2,MODERATE 26-75%,0.318758529
1,4,2,3,LOW 0-25%,0.209693824

# REGION: WestCascades,OWNERSHIP: PrivateNonIndustrial,ELEVATION: High,,,
1,4,3,1,HIGH 76-100%,0.170652004
1,4,3,2,MODERATE 26-75%,0.133910013
1,4,3,3,LOW 0-25%,0.695437983

# REGION: EastCascades,OWNERSHIP: State,ELEVATION: Low,,,
2,1,1,1,HIGH 76-100%,0.334686478
2,1,1,2,MODERATE 26-75%,0.171665635
2,1,1,3,LOW 0-25%,0.493647887

# REGION: EastCascades,OWNERSHIP: State,ELEVATION: Medium,,,
2,1,2,1,HIGH 76-100%,0.317279778
2,1,2,2,MODERATE 26-75%,0.215572467
2,1,2,3,LOW 0-25%,0.467147755

# REGION: EastCascades,OWNERSHIP: State,ELEVATION: High,,,
2,1,3,1,HIGH 76-100%,0.292977126
2,1,3,2,MODERATE 26-75%,0.250409838
2,1,3,3,LOW 0-25%,0.456613036

# REGION: EastCascades,OWNERSHIP: Federal,ELEVATION: Low,,,
2,2,1,1,HIGH 76-100%,0.472830241
2,2,1,2,MODERATE 26-75%,0.204549876
2,2,1,3,LOW 0-25%,0.322619883

# REGION: EastCascades,OWNERSHIP: Federal,ELEVATION: Medium,,,
2,2,2,1,HIGH 76-100%,0.35922263
2,2,2,2,MODERATE 26-75%,0.212184793
2,2,2,3,LOW 0-25%,0.428592577

# REGION: EastCascades,OWNERSHIP: Federal,ELEVATION: High,,,
2,2,3,1,HIGH 76-100%,0.288165212
2,2,3,2,MODERATE 26-75%,0.160088477
2,2,3,3,LOW 0-25%,0.551746311

# REGION: EastCascades,OWNERSHIP: PrivateIndustrial,ELEVATION: Low,,,
2,3,1,1,HIGH 76-100%,0.491222807
2,3,1,2,MODERATE 26-75%,0.165678552
2,3,1,3,LOW 0-25%,0.343098641

# REGION: EastCascades,OWNERSHIP: PrivateIndustrial,ELEVATION: Medium,,,
2,3,2,1,HIGH 76-100%,0.312566122
2,3,2,2,MODERATE 26-75%,0.250918129
2,3,2,3,LOW 0-25%,0.436515749

# REGION: EastCascades,OWNERSHIP: PrivateIndustrial,ELEVATION: High,,,
2,3,3,1,HIGH 76-100%,0.21597547
2,3,3,2,MODERATE 26-75%,0.147650799
2,3,3,3,LOW 0-25%,0.636373731

# REGION: EastCascades,OWNERSHIP: PrivateNonIndustrial,ELEVATION: Low,,,
2,4,1,1,HIGH 76-100%,0.441582132
2,4,1,2,MODERATE 26-75%,0.375071479
2,4,1,3,LOW 0-25%,0.183346389

# REGION: EastCascades,OWNERSHIP: PrivateNonIndustrial,ELEVATION: Medium,,,
2,4,2,1,HIGH 76-100%,0.346226624
2,4,2,2,MODERATE 26-75%,0.288681594
2,4,2,3,LOW 0-25%,0.365091782

# REGION: EastCascades,OWNERSHIP: PrivateNonIndustrial,ELEVATION: High,,,
3,1,1,1,HIGH 76-100%,0.213214171
3,1,1,2,MODERATE 26-75%,0.181673971
3,1,1,3,LOW 0-25%,0.605111858

# REGION: Klamath,OWNERSHIP: State ,ELEVATION: Medium,,,
3,1,2,1,HIGH 76-100%,0.116152926
3,1,2,2,MODERATE 26-75%,0.238318632
3,1,2,3,LOW 0-25%,0.645528442

# REGION: Klamath,OWNERSHIP: State ,ELEVATION: Medium,,,
3,1,2,1,HIGH 76-100%,0.072109754
3,1,2,2,MODERATE 26-75%,0.215641216
3,1,2,3,LOW 0-25%,0.71224903

# REGION: Klamath,OWNERSHIP: State ,ELEVATION: High,,,
3,1,3,1,HIGH 76-100%,0.084238943
3,1,3,2,MODERATE 26-75%,0.162262974
3,1,3,3,LOW 0-25%,0.753498084

# REGION: Klamath,OWNERSHIP: Federal ,ELEVATION: Low,,,
3,2,1,1,HIGH 76-100%,0.079398841
3,2,1,2,MODERATE 26-75%,0.241711899
3,2,1,3,LOW 0-25%,0.67888926

# REGION: Klamath,OWNERSHIP: Federal ,ELEVATION: Medium,,,
3,2,2,1,HIGH 76-100%,0.067652589
3,2,2,2,MODERATE 26-75%,0.212697065
3,2,2,3,LOW 0-25%,0.719650345

# REGION: Klamath,OWNERSHIP: Federal ,ELEVATION: High,,,
3,2,3,1,HIGH 76-100%,0.066294245
3,2,3,2,MODERATE 26-75%,0.133036755
3,2,3,3,LOW 0-25%,0.800669

# REGION: Klamath,OWNERSHIP: PrivateIndustrial,ELEVATION: Low,,,
3,3,1,1,HIGH 76-100%,0.119158807
3,3,1,2,MODERATE 26-75%,0.281864899
3,3,1,3,LOW 0-25%,0.598976294

# REGION: Klamath,OWNERSHIP: PrivateIndustrial,ELEVATION: Medium,,,
3,3,2,1,HIGH 76-100%,0.095262561
3,3,2,2,MODERATE 26-75%,0.226466544
3,3,2,3,LOW 0-25%,0.678270895

# REGION: Klamath,OWNERSHIP: PrivateIndustrial,ELEVATION: High,,,
3,3,3,1,HIGH 76-100%,0.073623362
3,3,3,2,MODERATE 26-75%,0.147994375
3,3,3,3,LOW 0-25%,0.778382263

# REGION: Klamath,OWNERSHIP: PrivateNonIndustrial,ELEVATION: Low,,,
3,4,1,1,HIGH 76-100%,0.125762027
3,4,1,2,MODERATE 26-75%,0.232553832
3,4,1,3,LOW 0-25%,0.641684141

# REGION: Klamath,OWNERSHIP: PrivateNonIndustrial,ELEVATION: Medium,,,
3,4,2,1,HIGH 76-100%,0.089564686
3,4,2,2,MODERATE 26-75%,0.183713587
3,4,2,3,LOW 0-25%,0.726721727

# REGION: Klamath,OWNERSHIP: PrivateNonIndustrial,ELEVATION: High,,,
3,4,3,1,HIGH 76-100%,0.070920633
3,4,3,2,MODERATE 26-75%,0.140950017
3,4,3,3,LOW 0-25%,0.78812935

# REGION: BlueMountains,OWNERSHIP: State,ELEVATION: Low,,,
4,1,1,1,HIGH 76-100%,0.364792312
4,1,1,2,MODERATE 26-75%,0.299279903
4,1,1,3,LOW 0-25%,0.335927784

# REGION: BlueMountains,OWNERSHIP: State,ELEVATION: Medium,,,
4,1,2,1,HIGH 76-100%,0.346360667
4,1,2,2,MODERATE 26-75%,0.331413761
4,1,2,3,LOW 0-25%,0.322225572

# REGION: BlueMountains,OWNERSHIP: State,ELEVATION: High,,,
4,1,3,1,HIGH 76-100%,0.346030397
4,1,3,2,MODERATE 26-75%,0.323057988
4,1,3,3,LOW 0-25%,0.330911615

# REGION: BlueMountains,OWNERSHIP: Federal,ELEVATION: Low,,,
4,2,1,1,HIGH 76-100%,0.340951663
4,2,1,2,MODERATE 26-75%,0.362315365
4,2,1,3,LOW 0-25%,0.296732972

# REGION: BlueMountains,OWNERSHIP: Federal,ELEVATION: Medium,,,
4,2,2,1,HIGH 76-100%,0.273993661
4,2,2,2,MODERATE 26-75%,0.320048553
4,2,2,3,LOW 0-25%,0.405957786

# REGION: BlueMountains,OWNERSHIP: Federal,ELEVATION: High,,,
4,2,3,1,HIGH 76-100%,0.2815869
4,2,3,2,MODERATE 26-75%,0.319866958
4,2,3,3,LOW 0-25%,0.398546142

# REGION: BlueMountains,OWNERSHIP: PrivateIndustrial,ELEVATION: Low,,,
4,3,1,1,HIGH 76-100%,0.29906403
4,3,1,2,MODERATE 26-75%,0.333407417
4,3,1,3,LOW 0-25%,0.367528553

# REGION: BlueMountains,OWNERSHIP: PrivateIndustrial,ELEVATION: Medium,,,
4,3,2,1,HIGH 76-100%,0.238087582
4,3,2,2,MODERATE 26-75%,0.287800187
4,3,2,3,LOW 0-25%,0.474112232

# REGION: BlueMountains,OWNERSHIP: PrivateIndustrial,ELEVATION: High,,,
4,3,3,1,HIGH 76-100%,0.200356049
4,3,3,2,MODERATE 26-75%,0.263749291
4,3,3,3,LOW 0-25%,0.53589466

# REGION: BlueMountains,OWNERSHIP: PrivateNonIndustrial,ELEVATION: Low,,,
4,4,1,1,HIGH 76-100%,0.423179427
4,4,1,2,MODERATE 26-75%,0.379037587
4,4,1,3,LOW 0-25%,0.197782986

# REGION: BlueMountains,OWNERSHIP: PrivateNonIndustrial,ELEVATION: Medium,,,
4,4,2,1,HIGH 76-100%,0.341056922
4,4,2,2,MODERATE 26-75%,0.324368686
4,4,2,3,LOW 0-25%,0.334574392

# REGION: BlueMountains,OWNERSHIP: PrivateNonIndustrial,ELEVATION: High,,,
4,4,3,1,HIGH 76-100%,0.301467001
4,4,3,2,MODERATE 26-75%,0.302957692
4,4,3,3,LOW 0-25%,0.395575307

# REGION: CoastRange,OWNERSHIP: State,ELEVATION: Low,,,
5,1,1,1,HIGH 76-100%,0.848755247
5,1,1,2,MODERATE 26-75%,0.122620886
5,1,1,3,LOW 0-25%,0.028623867

# REGION: CoastRange,OWNERSHIP: State,ELEVATION: Medium,,,
5,1,2,1,HIGH 76-100%,0.791870227
5,1,2,2,MODERATE 26-75%,0.179925077
5,1,2,3,LOW 0-25%,0.028204695

# REGION: CoastRange,OWNERSHIP: State,ELEVATION: High,,,
5,1,3,1,HIGH 76-100%,0.78398635
5,1,3,2,MODERATE 26-75%,0.174212221
5,1,3,3,LOW 0-25%,0.041801429

# REGION: CoastRange,OWNERSHIP: Federal,ELEVATION: Low,,,
5,2,1,1,HIGH 76-100%,0.715472544
5,2,1,2,MODERATE 26-75%,0.217317805
5,2,1,3,LOW 0-25%,0.06720965

# REGION: CoastRange,OWNERSHIP: Federal,ELEVATION: Medium,,,
5,2,2,1,HIGH 76-100%,0.586331976
5,2,2,2,MODERATE 26-75%,0.284241453
5,2,2,3,LOW 0-25%,0.12942657

# REGION: CoastRange,OWNERSHIP: Federal,ELEVATION: High,,,
5,2,3,1,HIGH 76-100%,0.446468947
5,2,3,2,MODERATE 26-75%,0.304174267
5,2,3,4,LOW 0-25%,0.249356785

# REGION: CoastRange,OWNERSHIP: PrivateIndustrial,ELEVATION: Low,,,
5,3,1,1,HIGH 76-100%,0.682658902
5,3,1,2,MODERATE 26-75%,0.235254505
5,3,1,3,LOW 0-25%,0.082086593

# REGION: CoastRange,OWNERSHIP: PrivateIndustrial,ELEVATION: Medium,,,
5,3,2,1,HIGH 76-100%,0.591282326
5,3,2,2,MODERATE 26-75%,0.326325493
5,3,2,3,LOW 0-25%,0.082392181

# REGION: CoastRange,OWNERSHIP: PrivateIndustrial,ELEVATION: High,,,
5,3,3,1,HIGH 76-100%,0.553111769
5,3,3,2,MODERATE 26-75%,0.383801735
5,3,3,3,LOW 0-25%,0.063086496

# REGION: CoastRange,OWNERSHIP: PrivateNonIndustrial,ELEVATION: Low,,,
5,4,1,1,HIGH 76-100%,0.695966251
5,4,1,2,MODERATE 26-75%,0.177185231
5,4,1,3,LOW 0-25%,0.126848518

# REGION: CoastRange,OWNERSHIP: PrivateNonIndustrial,ELEVATION: Medium,,,
5,4,2,1,HIGH 76-100%,0.511751285
5,4,2,2,MODERATE 26-75%,0.335211334
5,4,2,3,LOW 0-25%,0.153037381

# REGION: CoastRange,OWNERSHIP: PrivateNonIndustrial,ELEVATION: High,,,
5,4,3,1,HIGH 76-100%,0.573353997
5,4,3,2,MODERATE 26-75%,0.327239339
5,4,3,3,LOW 0-25%,0.099406664
